category,title,link (paste here),current file on site
Policy,MAA General Academic Policy Document (2025–26),,/resources/MAA General Academic Policy Document 2025-26_.docx
Policy,"General Academic Policy Document (2024–25, archived)",,/resources/MAA General Academic Policy Document 2024-25 (archived).docx
Policy,Official Sports Accommodation Policy,,/resources/Official Sports Accom Policy.pdf
Policy,MAA's Mandate for Academic Societies at AU,,/resources/MAA_s Mandate for Academic Socs at AU.docx
Guides,Pass/Fail Crisis Guide,,/resources/MAA P_F Crisis Guide.docx
Guides,Academic Integrity How-To Guide,,/resources/Academic Integrity How-To Guide_.docx
Guides,Undergraduate Thesis How-To Guide,,/resources/Undergraduate Thesis How-To Guide.docx
Guides,APA 7th Edition Citation Guide,,/resources/Citation Resources/MAA24_APA 7th Edition Citations.docx
Guides,MLA Citation Guide,,/resources/Citation Resources/MAA24_MLA Citations.docx
Guides,Chicago Notes-Bibliography Guide,,/resources/Citation Resources/MAA24_Chicago NB Format.docx
Guides,UWP Citation Workshop Slides,,/resources/Citation Resources/UWP Citation Workshop Slides.pdf
Directories & Tools,Faculty Finder,,/resources/MAA's Faculty Finder (updated).xlsx
Directories & Tools,Locate@Ashoka: Faculty Office Finder,,/resources/MAA_s Locate@Ashoka 2.0.xlsx
Directories & Tools,Course Trajectory Pathways,,/resources/Pathways- MAAxBOR Course Trajectories.xlsx
Directories & Tools,Assignment Tracker Template,,/resources/MAA_s Assignment Tracker.xlsx
Advocacy & Reports,BOR Annual Report (2024–25),,/resources/Reports and Advocacy/BOR Annual Report 2024-25.docx
Advocacy & Reports,The Course Caps Report,,/resources/Reports and Advocacy/The Course Caps Report by MAA 24-25.docx
Advocacy & Reports,Inclusivity Report,,/resources/Reports and Advocacy/MAA_Inclusivity Report.docx
Advocacy & Reports,Academic Accommodations for Athletes,,/resources/Reports and Advocacy/Academic Accommodations for Athletes.docx
Advocacy & Reports,Coping With Acads: Resource Doc,,/resources/Reports and Advocacy/MAA × ACWB Coping with Acads Resources Doc.docx
Advocacy & Reports,Thesis FAQs & Advice by Department,,/resources/Reports and Advocacy/Thesis FAQs and Advice by MAA and BOR.docx
Communication,MAA Open Q&A Group (UG2025),,/resources/MAA Open Q_A Group (UG2025).jpg
Communication,Postgraduate Q&A Group,,/resources/Post Grad QR.jpg
Handbook: Department,Biology,,/resources/Department Handbooks/Biology Handbook 2024.pdf
Handbook: Department,Chemistry,,/resources/Department Handbooks/Chemistry Handbook 2024-25.pdf
Handbook: Department,Creative Writing,,/resources/Department Handbooks/Creative Writing Handbook 25-26.pdf
Handbook: Department,Computer Science,,/resources/Department Handbooks/CS Handbook Nov_24.pdf
Handbook: Department,Economics (UG),,/resources/Department Handbooks/Economics Department UG Handbook (2025-2026).pdf
Handbook: Department,English (UG),,/resources/Department Handbooks/ENG Undergraduate Student Handbook.pptx.pdf
Handbook: Department,Entrepreneurship,,/resources/Department Handbooks/Entrepreneurship Handbook_.pdf
Handbook: Department,History,,/resources/Department Handbooks/History Handbook 2025.pdf
Handbook: Department,International Relations,,/resources/Department Handbooks/IR Dep. Handbook.pdf
Handbook: Department,Mathematics,,/resources/Department Handbooks/Mathematics Handbook 2024-25.pdf
Handbook: Department,Performing Arts,,/resources/Department Handbooks/Performing Arts Handbook 2024-25.pdf
Handbook: Department,Philosophy,,/resources/Department Handbooks/Philosophy Handbook 24-25.pdf
Handbook: Department,Physics,,/resources/Department Handbooks/Physics Handbook 2024.pdf
Handbook: Department,Political Science,,/resources/Department Handbooks/Political Science Handbook 2025.pdf
Handbook: Department,"Politics, Philosophy and Economics (PPE)",,/resources/Department Handbooks/PPE Handbook 24-25.docx
Handbook: Department,Psychology and Cognitive Sciences,,/resources/Department Handbooks/Psychology and Cognitive Sciences_UG MLS Handbook_Updated August 2026.pdf
Handbook: Department,Sociology and Anthropology,,/resources/Department Handbooks/SOA Handbook 2025_.pdf
Handbook: Department,Visual Arts,,/resources/Department Handbooks/Visual Arts Handbook AY 2024-25.pdf
Handbook: Student,ASP25 Handbook,,/resources/Student Handbooks/ASP25 Handbook.pdf
Handbook: Student,MLS Handbook,,/resources/Student Handbooks/MLS Handbook.pdf
Handbook: Student,"UG2022, UG2025 and UG2026 Handbook",,/resources/Student Handbooks/UG2022_25_26 Handbook.pdf
Handbook: Batch,UG2023 Handbook,,
Handbook: Batch,UG2024 Handbook,,
Handbook: Batch,UG2025 Handbook,,
Handbook: Batch,UG2026 Handbook,,
Handbook: Batch,Course Registration 101,,
